lr,hidden_dim,epochs,accuracy,precision,recall,f1,TP,TN,FP,FN,time_s
0.01,64,50,0.7443897099069513,0.7179444258453298,0.7933777284498705,0.7537785588752197,4289,3871,1685,1117,44.20566701889038
