lr,hidden_dim,epochs,accuracy,precision,recall,f1,TP,TN,FP,FN,time_s
0.01,64,50,0.7484035759897829,0.731711585579279,0.7733999260081391,0.7519784172661871,4181,4023,1533,1225,7.165976047515869
