k,metric,accuracy,precision,recall,f1,TP,TN,FP,FN,time_s
5,Euclidean,0.7062579821200511,0.6939318665720369,0.7234554199038106,0.7083861619271871,3911,3831,1725,1495,13.137006759643555
